"","HHID","FEMALE","SINGLE","FEMALE_HEAD","AGE","EDUCATION","DEPENDENCY_RATIO","SOCIAL_PARTICIPATION","COFFEE_TREES","COFFEE_TREES_SQR","PROPORTION_LAND_RENTED","ASSETS","ALTITUDE","DISTANCE_PAVED_ROAD","DECISION_DISAGREEMENTS","INPUT_PREFERENCES","EASE_MARKETING_PREFERENCES","PRICE_PREFERENCES","RELATIVE_PRICE_DIFFERENTIAL","BINARY_PARTICIPATION"
"1","3568",1,0,0,38,7,6,0,0.8,0.64,0.700009884353069,0.02,1.629,2.19054558970534,1,0.166,0.093,0.505,2,0
"2","3568",0,0,0,64,7,4.5,1,0.8,0.64,0.700009884353069,0.96,1.629,2.19054558970534,1,0,0.207,0.479,1,0
"3","5653",0,0,0,60,7,1.5,1,0.8,0.64,0,0.92,1.629,2.19054558970534,1,0,0,1,1,0
"4","5653",1,0,0,53,7,4,1,0.8,0.64,0,1.4,1.629,2.19054558970534,1,0,0,0.333,1,0
"5","8307",0,0,0,57,7,0.666666666666667,1,0.6,0.36,0,0.63,1.629,2.19054558970534,0,0,0,1,1,0
"6","8635",1,0,0,41,7,1.5,1,1,1,0.299990115646931,1.14,1.629,2.19054558970534,0,0.5,0,0.5,1,0
"7","9301",1,0,0,48,7,1.5,0,0.5,0.25,0.299990115646931,2.32,1.629,2.19054558970534,1,0,0,1,1,0
"8","9301",0,0,0,51,7,1.5,0,0.2,0.04,0.5,1.67,1.629,2.19054558970534,1,0,0,1,1,0
"9","5112",1,0,0,44,4,1.5,1,0.5,0.25,0.700009884353069,0.54,1.629,2.19054558970534,0,0,1,0,1,0
"10","5112",0,0,0,48,12,1.4,1,0.55,0.3025,0.5,0.64,1.629,2.19054558970534,0,0,0,1,1,0
"11","8635",0,0,0,48,7,1.75,1,1,1,0.176224264278237,1.14,1.629,2.19054558970534,0,0.05,0.493,0.083,1,0
"12","8307",1,0,0,53,0,1,1,0.35,0.1225,0.176224264278237,0.44,1.629,2.19054558970534,0,1,0,0,1,0
"13","2307",1,0,0,29,12,6,0,1,1,0.700009884353069,0.22,1.703,2.40734364378817,0,0,0,1,1,0
"14","2307",0,0,0,34,7,5,1,1.2,1.44,0.700009884353069,4.87,1.703,2.40734364378817,0,0,0,1,1,0
"15","5412",0,0,0,37,12,8,1,0.8,0.64,0.299990115646931,9.92,1.543,3.62598608798244,0,0,0,0.333,1,0
"16","5412",1,0,0,34,7,3.5,1,0.65,0.4225,0.5,0.24,1.543,3.62598608798244,0,0.667,0,0,1,0
"17","6601",0,0,0,70,4,1,0,1.3,1.69,0,2.83,1.65,3.45697769837149,0,0,0,1,1,0
"18","6601",1,0,0,67,7,1,1,2,4,0,3.86,1.65,3.45697769837149,0,0,0,1,1,0
"19","8143",1,0,0,56,4,0.428571428571429,1,10,100,0,5.24,1.543,3.62598608798244,0,0.333,0,0,1,0
"20","1809",1,0,0,60,7,6,1,1.3,1.69,0,0.33,1.543,3.62598608798244,1,0,0,1,1,0
"21","8767",1,0,0,58,0,0.5,1,0.7,0.49,0,2.12,1.543,3.62598608798244,1,0,0,1,1,0
"22","8143",0,0,0,78,12,0.666666666666667,1,15,225,0,4.92,1.543,3.62598608798244,0,0,0,1,1,0
"23","8767",0,0,0,70,7,1.5,1,0.74,0.5476,0,1.72,1.543,3.62598608798244,1,0,0,0,1,0
"24","1809",0,0,0,65,7,2,1,1.4,1.96,0,2.86,1.543,3.62598608798244,1,0,0,1,1,0
"25","6402",0,0,0,70,7,2.5,1,1.6,2.56,0.5,1.14,1.359,7.80949542346378,1,0,0,1,1,0
"26","6402",1,0,0,56,7,3,1,1.4,1.96,0.5,0.47,1.359,7.80949542346378,1,0.249,0.072,0.519,1,0
"27","3709",0,0,0,50,12,1.28571428571429,1,1.8,3.24,0,0.54,1.359,7.80949542346378,0,0,0,1,1,0
"28","3709",1,0,0,43,7,1,1,1,1,0,1.29,1.359,7.80949542346378,0,0.667,0,0,1,0
"29","3434",0,0,0,45,15,6,0,0.35,0.1225,0,0.29,1.359,7.80949542346378,1,0.056,0,0.364,1,0
"30","3434",1,0,0,38,16,2.5,1,1.2,1.44,0.299990115646931,0.77,1.359,7.80949542346378,1,0,0,1,1,0
"31","8975",1,0,0,36,16,7,1,0.45,0.2025,0,0.83,1.359,7.80949542346378,0,0,0,1,1,0
"32","3151",1,0,1,78,0,2,1,0.9,0.81,0,0.59,1.359,7.80949542346378,0,0.125,0.375,0.375,1,0
"33","8975",0,0,0,40,16,7,1,0.4,0.16,0,0.77,1.359,7.80949542346378,0,0.333,0,0.333,1,0
"34","8934",0,0,0,57,7,3,1,1.5,2.25,0.5,4.59,1.359,7.80949542346378,1,0,0,1,1,0
"35","2720",0,0,0,44,16,6,0,0.8,0.64,0,5.4,1.359,7.80949542346378,0,0,1,0,1,0
"36","2720",1,0,0,35,12,6,0,0.83,0.6889,0,0.45,1.359,7.80949542346378,0,0.191,0.14,0.467,1,0
"37","5094",0,0,0,49,9,5,1,0.9,0.81,0,1.77,1.807,0.335774332417609,0,0,1,0,1,0
"38","5094",1,0,0,41,7,5,0,0.982,0.964324,0,1.17,1.807,0.335774332417609,0,0,0,1,1,0
"39","3286",0,1,0,49,12,1.5,1,1.5,2.25,0,1.35,1.807,0.335774332417609,0,0,0,1,1,0
"40","8934",1,0,0,49,0,1.8,1,0.8,0.64,0,0.79,1.359,7.80949542346378,1,0.333,0,0,1,0
"41","4021",0,0,0,45,9,7,0,1,1,0.176224264278237,1.12,1.807,0.335774332417609,1,0.417,0.064,0.126,1,0
"42","4021",1,0,0,37,7,6,0,0.9,0.81,0.667032967032967,0.88,1.807,0.335774332417609,1,0,0,1,1,0
"43","3831",1,0,0,54,7,0.166666666666667,1,3,9,0.066561223144853,1.14,1.807,0.335774332417609,1,0,0,0,1,0
"44","3831",0,0,0,58,9,0.166666666666667,1,4,16,0.131567520625271,4.75,1.807,0.335774332417609,1,0,0,1,1,0
"45","9925",0,0,0,61,7,2,1,0.8,0.64,0,0.52,1.807,0.335774332417609,1,0,1,0,1,0
"46","9821",1,0,0,62,0,1,1,0.3,0.09,0,0.68,1.807,0.335774332417609,1,0,0,1,1,0
"47","9925",1,0,0,59,4,2,0,0.8,0.64,0,0.75,1.807,0.335774332417609,1,0,0,0.315,1,0
"48","9821",0,0,0,67,7,0,1,0.2,0.04,0,1.21,1.807,0.335774332417609,1,0.385,0.142,0.331,1,0
"49","7261",0,0,0,53,7,0.428571428571429,1,1.2,1.44,0.5,1.24,1.761,0.521660160513409,0,0,1,0,1,0
"50","4242",1,0,0,65,0,0.6,0,3,9,0,0.57,1.778,0.13178023290704,0,1,0,0,1,0
"51","7261",1,0,0,49,4,0.428571428571429,0,1.1,1.21,0.332967032967033,0.77,1.761,0.521660160513409,0,0,0,1,1,0
"52","9315",0,0,0,87,0,0.5,0,0.7,0.49,0,0.58,1.778,0.13178023290704,1,0.427,0.052,0.387,1,0
"53","4242",0,0,0,76,7,0.6,1,3,9,0,0.55,1.778,0.13178023290704,0,0,0,1,1,0
"54","9315",1,0,0,65,4,1,0,0.3,0.09,0,0.75,1.778,0.13178023290704,1,0,0,1,1,0
"55","3727",1,0,0,42,9,1.4,1,1.7,2.89,0,0.34,1.761,0.521660160513409,1,0.341,0.473,0.037,1,0
"56","3727",0,0,0,53,16,2,1,2,4,0,0.94,1.761,0.521660160513409,1,0,0,1,1,0
"57","4748",1,0,0,69,1,1,0,0.89,0.7921,0,0.75,1.778,0.13178023290704,1,0,0,1,1,0
"58","4748",0,0,0,70,4,0.25,1,0.77,0.5929,0,1.97,1.778,0.13178023290704,1,0,1,0,1,0
"59","4924",0,0,0,67,9,1,0,0.3,0.09,0.5,4.61,1.778,0.13178023290704,1,1,0,0,1,0
"60","4924",1,0,0,49,9,1,1,0.33,0.1089,0.5,0.52,1.778,0.13178023290704,1,0,0,1,1,0
"61","2102",0,0,0,75,9,0.4,1,1.6,2.56,0.299990115646931,1.55,1.652,5.71880647706575,1,0,1,0,1,0
"62","2430",0,0,0,53,9,2,1,0.7,0.49,0,0.33,1.655,5.12444973899021,0,0,0,1,1,0
"63","2430",1,0,0,38,7,0.833333333333333,1,2,4,0,1.42,1.655,5.12444973899021,0,0.333,0,0,1,0
"64","3506",0,0,0,56,12,2,0,0.2,0.04,0,5.07,1.655,5.12444973899021,0,1,0,0,1,0
"65","3506",1,0,0,53,7,2,1,1.3,1.69,0,0.67,1.655,5.12444973899021,0,0,0,1,2,0
"66","2102",1,0,0,64,4,1,0,0.9,0.81,0,0.89,1.652,5.71880647706575,1,0,0,1,1,0
"67","6549",1,0,0,52,12,0.333333333333333,1,0.8,0.64,0,0.57,1.655,5.12444973899021,1,0.667,0,0,1,0
"68","6549",0,0,0,70,7,1,1,1,1,0,1.15,1.655,5.12444973899021,1,0,0,1,1,0
"69","9984",0,0,0,46,9,13,1,0.9,0.81,0.5,2.99,1.652,5.71880647706575,1,0.024,0.208,0.431,2,0
"70","9984",1,0,0,40,7,10,0,0.85,0.7225,0.066561223144853,0.95,1.652,5.71880647706575,1,0,0,1,1,0
"71","5138",0,0,0,90,0,0.5,0,0.3,0.09,0,0.2,1.655,5.12444973899021,1,0,0,0,1,0
"72","5138",1,0,0,73,4,2,1,0.6,0.36,0,0.28,1.655,5.12444973899021,1,0,0,1,1,0
"73","5769",0,0,0,83,4,0.625,1,0.9,0.81,0,0.54,1.837,1.20882418104671,0,0,0,1,1,0
"74","5769",1,0,0,80,0,0.3,1,0.5,0.25,0,0.44,1.837,1.20882418104671,0,0,0,0,1,0
"75","8281",1,0,0,40,7,0.5,0,1,1,0,0.93,1.844,0.387220249479995,1,0.089,0.205,0.345,2,0
"76","8281",0,0,0,54,12,3.5,1,1.6,2.56,0,1,1.844,0.387220249479995,1,0,0.207,0,1,0
"77","3768",0,0,0,38,9,6,0,0.5,0.25,0,0.67,1.844,0.387220249479995,1,1,0,0,1,0
"78","3768",1,0,0,34,9,5,1,0.9,0.81,0.332967032967033,0.42,1.844,0.387220249479995,1,0,0,1,1,0
"79","1526",1,0,0,60,4,0.5,1,0.9,0.81,0,0.47,1.837,1.20882418104671,1,0,0,1,1,0
"80","1526",0,0,0,68,7,0.5,1,1.3,1.69,0,0.65,1.837,1.20882418104671,1,0,0,1,1,0
"81","9742",1,0,0,52,7,0.333333333333333,0,0.9,0.81,0,0.68,1.837,1.20882418104671,0,0,0,1,2,0
"82","9742",0,0,0,79,9,4,1,1.2,1.44,0,4.93,1.837,1.20882418104671,0,0.016,0.407,0.031,1,0
"83","1626",0,0,0,45,7,8,0,0.85,0.7225,0,1.18,1.837,1.20882418104671,1,0,0,0,1,0
"84","1626",1,0,0,37,9,7,1,0.8,0.64,0,1.22,1.837,1.20882418104671,1,0,0,1,1,0
"85","6507",0,0,0,44,4,2,1,2.5,6.25,0,2.62,1.962,2.24180315191297,0,0,0,1,1,0
"86","6507",1,0,0,25,7,1,1,2.1,4.41,0,0.84,1.962,2.24180315191297,0,0.333,0,0,1,0
"87","3475",0,0,0,37,7,3.5,1,2,4,0.5,5.23,1.94,4.35652279756461,1,0,0,1,1,0
"88","8102",1,0,0,50,7,0.75,0,1.5,2.25,0,1.13,1.94,4.35652279756461,1,0.278,0.185,0.164,2,0
"89","7545",1,0,0,50,0,5,0,0.253,0.064009,0,0.2,1.94,4.35652279756461,1,0,0,1,1,0
"90","7545",0,0,0,60,7,5,0,0.25,0.0625,0,0.17,1.94,4.35652279756461,1,0,0,0,1,0
"91","1245",0,0,0,70,7,1.25,1,1,1,0.332967032967033,1.07,1.94,4.35652279756461,0,0,0,1,1,0
"92","1245",1,0,0,59,4,1.25,1,0.8,0.64,0.332967032967033,0.67,1.94,4.35652279756461,0,0.5,0,0.5,1,0
"93","1161",1,0,0,75,0,0.5,0,0.56,0.3136,0,0.36,1.94,4.35652279756461,0,0,0,1,1,0
"94","8102",0,0,0,62,9,6,1,1.8,3.24,0,4.72,1.94,4.35652279756461,1,0,1,0,1,0
"95","1161",0,0,0,76,4,0.5,0,0.45,0.2025,0,1,1.94,4.35652279756461,0,1,0,0,1,0
"96","3475",1,0,0,39,7,3.5,0,1.9,3.61,0.332967032967033,0.51,1.94,4.35652279756461,1,0.5,0,0.5,1,0
"97","2970",0,0,0,79,7,0.428571428571429,0,0.9,0.81,0,1.25,2.072,3.98106794272203,1,0,0.794,0.207,1,0
"98","2788",0,1,0,81,4,0.875,1,3,9,0,1.06,1.979,4.54632437580249,0,0,0,1,3,0
"99","2970",1,0,0,76,4,0.285714285714286,0,0.96,0.9216,0,0.65,2.072,3.98106794272203,1,0,0,1,1,0
"100","5175",1,0,0,52,7,3.5,1,0.4,0.16,0.700009884353069,0.92,1.979,4.54632437580249,1,0,0,1,2,0
"101","5175",0,0,0,67,7,3.5,1,0.4,0.16,0.700009884353069,0.9,1.979,4.54632437580249,1,1,0,0,2,0
"102","3033",0,0,0,40,9,1,1,1.5,2.25,0.176224264278237,9.42,1.979,4.54632437580249,0,0,0,1,3,0
"103","8528",1,0,0,67,4,2.5,0,2.8,7.84,0.176224264278237,0.59,1.979,4.54632437580249,0,0,0,1,2,0
"104","3033",1,0,0,35,7,1,1,1.3,1.69,0.176224264278237,0.39,1.979,4.54632437580249,0,0.333,0,0,2,0
"105","1888",1,0,0,50,7,0.583333333333333,1,3,9,0,0.77,2.074,4.92496006259138,1,0.114,0.135,0,1,0
"106","8528",0,0,0,78,9,1.8,1,1.8,3.24,0.299990115646931,0.52,1.979,4.54632437580249,0,0,1,0,2,1
"107","2125",0,0,0,58,7,5,1,0.4,0.16,0,0.62,2.072,3.98106794272203,0,0.504,0.13,0.169,1,0
"108","2125",1,0,0,50,7,5,1,0.424,0.179776,0,0.24,2.072,3.98106794272203,0,0,0,1,2,0
"109","1888",0,0,0,74,9,1.375,1,20,400,0,1.52,2.074,4.92496006259138,1,0,0,1,3,0
"110","7690",0,0,0,59,16,3,1,6,36,0,5.57,1.876,0.235438126210314,1,0,0,1,3,1
"111","7690",1,0,0,46,9,1.5,1,5,25,0,0.54,1.876,0.235438126210314,1,0.333,0,0,3,1
"112","5361",0,0,0,47,9,5,1,1.5,2.25,0.299990115646931,4.52,1.853,0.266695856945794,0,0,1,0,4,1
"113","8815",1,0,0,55,0,5,1,0.1,0.01,0,0.3,1.876,0.235438126210314,0,0,0,1,3,1
"114","5361",1,0,0,39,9,3.5,0,1.4,1.96,0,4.65,1.853,0.266695856945794,0,0,0,1,4,1
"115","8815",0,0,0,69,7,6,1,0.36,0.1296,0,0.26,1.876,0.235438126210314,0,1,0,0,3,1
"116","5070",0,0,0,62,9,1.25,1,1,1,0,1.02,1.876,0.235438126210314,0,0,0,1,3,1
"117","5070",1,0,0,50,15,0.5,1,0.8,0.64,0.332967032967033,0.43,1.876,0.235438126210314,0,0,1,0,3,1
"118","4406",1,0,0,39,9,1.75,0,0.9,0.81,0,0.86,1.853,0.266695856945794,0,0.083,0.219,0.194,2,0
"119","6371",0,0,0,69,9,1,0,0.42,0.1764,0,1.12,1.853,0.266695856945794,1,1,0,0,3,1
"120","6371",1,0,0,62,0,1,0,0.38,0.1444,0,0.5,1.853,0.266695856945794,1,0,0,1,3,1
"121","4406",0,0,0,43,7,1.75,0,1.8,3.24,0,0.42,1.853,0.266695856945794,0,0,1,0,2,0
"122","3946",0,0,0,69,15,1.66666666666667,1,1.25,1.5625,0.332967032967033,5.46,1.853,0.266695856945794,1,0,0,1,3,1
"123","3946",1,0,0,60,4,1,1,0.96,0.9216,0.332967032967033,0.57,1.853,0.266695856945794,1,0.574,0.123,0.127,3,1
"124","1180",1,0,0,38,7,2,1,0.5,0.25,0,0.64,1.876,0.235438126210314,0,0,0,1,2,1
"125","1180",0,0,0,51,7,2,1,0.6,0.36,0,1.14,1.876,0.235438126210314,0,0,0,1,2,1
"126","6555",0,0,0,68,9,1.2,1,2,4,0,0.34,1.865,0.570151299513025,0,0,0.333,0.333,2,0
"127","6555",1,0,0,50,4,1.33333333333333,0,2,4,0,0.26,1.865,0.570151299513025,0,0.171,0.254,0.096,3,1
"128","6655",1,0,0,60,7,2,1,0.8,0.64,0,0.54,1.865,0.570151299513025,0,0,0,1,3,1
"129","6655",0,0,0,65,9,2,1,1.1,1.21,0,0.53,1.865,0.570151299513025,0,0,0,1,3,1
"130","5416",0,0,0,63,7,2,1,0.45,0.2025,0.176224264278237,1.07,1.865,0.570151299513025,0,1,0,0,2,0
"131","5416",1,0,0,59,7,2,1,1.2,1.44,0,0.58,1.865,0.570151299513025,0,0,0,1,1,0
"132","7357",0,0,0,70,7,2,1,1.1,1.21,0,0.85,1.865,0.570151299513025,0,0,1,0,2,0
"133","7357",1,0,0,64,4,0.5,0,0.9,0.81,0,0.47,1.865,0.570151299513025,0,0.185,0.194,0.164,2,0
"134","1299",1,0,0,51,9,0.8,1,3.2,10.24,0.5,4.82,1.865,0.570151299513025,0,0.271,0.139,0.425,3,1
"135","2670",1,0,0,67,7,0.333333333333333,1,0.8,0.64,0,0.72,1.865,0.570151299513025,1,0,0,1,3,1
"136","1299",0,0,0,61,7,0.8,1,3.7,13.69,0.5,5.42,1.865,0.570151299513025,0,0,0,1,3,1
"137","2670",0,0,0,74,9,1,1,0.78,0.6084,0,5.72,1.865,0.570151299513025,1,0.666,0,0,3,1
"138","1597",0,1,0,65,7,1,1,0.856,0.732736,0.176224264278237,0.38,1.765,1.02974162934512,0,0,1,0,2,0
"139","7817",1,0,0,55,9,2.5,0,4,16,0,0.17,1.765,1.02974162934512,1,0,0,1,4,1
"140","7817",0,0,0,56,12,1,1,4,16,0,0.66,1.765,1.02974162934512,1,0,0.333,0.333,3,1
"141","1500",0,0,0,52,7,4,0,0.35,0.1225,0,0.97,1.733,1.53447947832893,1,1,0,0,4,0
"142","1500",1,0,0,45,0,4,0,0.3,0.09,0,1.11,1.733,1.53447947832893,1,0,0,0,4,0
"143","4700",0,0,0,59,9,2,1,3.5,12.25,0,0.6,1.733,1.53447947832893,0,0,0,1,4,0
"144","4700",1,0,0,53,7,2,1,3,9,0,0.54,1.733,1.53447947832893,0,1,0,0,5,1
"145","7559",0,0,0,45,16,1.14285714285714,1,4,16,0,0.95,1.765,1.02974162934512,0,0,0,1,5,1
"146","7559",1,0,0,41,9,1.14285714285714,1,3.5,12.25,0,0.35,1.765,1.02974162934512,0,0,0.473,0,5,1
"147","3240",0,0,0,44,7,2,0,1.2,1.44,0,0.92,1.733,1.53447947832893,0,1,0,0,2,0
"148","4904",1,0,0,80,4,6,0,0.32,0.1024,0,0.32,1.733,1.53447947832893,0,0.121,0.235,0.222,3,1
"149","3240",1,0,0,46,4,2,1,1,1,0,0.32,1.733,1.53447947832893,0,0,0,1,2,0
"150","4904",0,0,0,88,7,6,1,0.52,0.2704,0,0.32,1.733,1.53447947832893,0,0,1,0,2,0
"151","9032",0,0,0,56,9,0.5,1,1.6,2.56,0.299990115646931,0.72,1.885,1.01759763243102,1,0,1,0,2,0
"152","9032",1,0,0,45,9,0.5,1,1.6,2.56,0.299990115646931,0.27,1.885,1.01759763243102,1,0.4,0.172,0.136,2,0
"153","7617",0,0,0,43,7,6,1,3,9,0.299990115646931,0.77,1.825,0.140271877002632,1,0,0,1,4,0
"154","7617",1,0,0,38,7,6,1,0.8,0.64,0.299990115646931,0.24,1.825,0.140271877002632,1,0.667,0,0,1,0
"155","5820",0,0,0,48,16,7,1,0.7,0.49,0,1.02,1.885,1.01759763243102,0,1,0,0,3,1
"156","5820",1,0,0,43,16,7,1,0.8,0.64,0,0.16,1.885,1.01759763243102,0,0,0,1,2,1
"157","9418",0,0,0,80,9,0.666666666666667,1,1.2,1.44,0.142655367231638,0.74,1.825,0.140271877002632,1,0,0,1,5,0
"158","9418",1,0,0,70,7,0.555555555555556,1,1.5,2.25,0,0.44,1.825,0.140271877002632,1,0,0,1,3,1
"159","4211",1,0,0,54,0,6,1,2,4,0,0.37,1.885,1.01759763243102,1,0.002,0,0.309,4,1
"160","4211",0,0,0,70,9,5.66666666666667,1,2.1,4.41,0,1.02,1.885,1.01759763243102,1,0,0,0,2,0
"161","5150",1,0,0,40,9,7,1,1.7,2.89,0,0.17,1.885,1.01759763243102,0,0,0,1,2,0
"162","1627",1,1,1,65,4,0.75,1,0.7,0.49,0.142655367231638,0.64,1.825,0.140271877002632,0,0.148,0.386,0.372,1,0
"163","5150",0,0,0,43,9,7,1,1.7,2.89,0,1.02,1.885,1.01759763243102,0,1,0,0,2,0
"164","4591",0,0,0,92,4,0.666666666666667,1,10,100,0,0.16,1.825,0.140271877002632,0,0.048,0.427,0.394,5,0
"165","6734",1,0,0,74,4,4,0,0.9,0.81,0,0.02,1.834,0.663647775248228,1,0.112,0.133,0.134,3,0
"166","4591",1,0,0,78,0,0.666666666666667,1,7,49,0,0.15,1.825,0.140271877002632,0,0,0,1,3,0
"167","9963",0,0,0,52,12,1,0,0.3,0.09,0,0.21,1.885,1.01759763243102,0,1,0,0,2,0
"168","6734",0,0,0,75,7,4,1,0.91,0.8281,0,0.34,1.834,0.663647775248228,1,0.113,0.299,0.122,3,0
"169","5950",1,0,0,45,0,1,0,0.3,0.09,0,0.09,1.885,1.01759763243102,0,0,0,1,2,0
"170","5343",0,0,0,65,9,1.2,1,3,9,0,0.76,1.885,1.01759763243102,1,0.121,0.168,0.177,5,0
"171","5343",1,0,0,54,7,0.833333333333333,1,1.5,2.25,0,0.37,1.885,1.01759763243102,1,0.23,0.044,0.389,2,0
"172","5576",0,0,0,48,16,6,1,0.94,0.8836,0,1.22,1.834,0.663647775248228,0,0,0,1,3,0
"173","5950",0,0,0,42,9,7,0,0.37,0.1369,0,0.56,1.885,1.01759763243102,0,0,0,0,2,0
"174","5576",1,0,0,38,7,6,1,0.9,0.81,0,0.37,1.834,0.663647775248228,0,0.259,0.017,0.024,3,1
"175","8804",1,0,0,42,7,11,0,1.5,2.25,0,0.15,1.892,2.50102512962026,1,0.136,0.075,0.175,3,0
"176","4268",0,0,0,43,9,4,1,0.35,0.1225,0,1.52,1.892,2.50102512962026,1,1,0,0,1,0
"177","4268",1,0,0,29,9,4,1,0.3,0.09,0,0.24,1.892,2.50102512962026,1,0,0,1,1,0
"178","3129",0,0,0,64,9,0.333333333333333,1,2.6,6.76,0,1.46,1.892,2.50102512962026,0,0,1,0,2,0
"179","9888",0,0,0,61,4,0.6,1,1.5,2.25,0,1.77,1.892,2.50102512962026,1,0,0,1,6,0
"180","8741",1,0,0,74,4,6,0,0.9,0.81,0,4.17,1.892,2.50102512962026,0,0,0,1,3,1
"181","9888",1,0,0,56,0,0.428571428571429,1,1.1,1.21,0,0.57,1.892,2.50102512962026,1,0.333,0.333,0.333,2,0
"182","9578",0,0,0,43,9,1,1,0.8,0.64,0.142655367231638,0.53,1.892,2.50102512962026,0,0,0,1,5,1
"183","8804",0,0,0,53,9,6,1,1.6,2.56,0,0.34,1.892,2.50102512962026,1,0,1,0,3,0
"184","9578",1,0,0,30,9,6,1,2.5,6.25,0,0.25,1.892,2.50102512962026,0,0.167,0.333,0.333,1,0
"185","1881",1,0,0,65,0,1,0,0.9,0.81,0,0.05,1.892,2.50102512962026,0,0,0,1,1,0
"186","1881",0,0,0,77,4,1,0,0.7,0.49,0,0.4,1.892,2.50102512962026,0,1,0,0,1,0
"187","6084",0,0,0,41,9,3,1,3.5,12.25,0.176224264278237,0.99,1.892,2.50102512962026,0,0,0,1,5,1
"188","6084",1,0,0,38,4,1.66666666666667,1,2.5,6.25,0.142655367231638,0.54,1.892,2.50102512962026,0,0.333,0,0.333,1,0
"189","8741",0,0,0,83,7,5,1,0.9,0.81,0,0.15,1.892,2.50102512962026,0,0.375,0.375,0.125,3,0
"190","3129",1,0,0,65,1,0.333333333333333,0,2.5,6.25,0,1.06,1.892,2.50102512962026,0,0.396,0.181,0.121,3,0
"191","4029",0,0,0,60,12,2.2,1,1.1,1.21,0.142655367231638,0.57,1.892,2.50102512962026,0,0.036,0.123,0.398,4,0
"192","4220",0,0,0,45,7,7,1,0.5,0.25,0,0.44,1.892,2.50102512962026,0,1,0,0,2,0
"193","4029",1,0,0,56,0,0.777777777777778,1,0.7,0.49,0.142655367231638,0.57,1.892,2.50102512962026,0,0,0,1,3,0
"194","4220",1,0,0,42,9,7,1,1.2,1.44,0,0.14,1.892,2.50102512962026,0,0,0,1,2,0
"195","3065",1,0,0,45,1,5,0,0.8,0.64,0.176224264278237,0,1.934,1.18133704075502,1,1,0,0,2,0
"196","2161",0,0,0,50,9,9,1,5,25,0,0.97,1.934,1.18133704075502,1,1,0,0,1,0
"197","2161",1,0,0,47,7,6,1,5,25,0,0.23,1.934,1.18133704075502,1,0,0,1,3,0
"198","3065",0,0,0,57,7,5,1,0.85,0.7225,0.299990115646931,0.36,1.934,1.18133704075502,1,0,1,0,3,1
"199","4831",1,0,0,46,12,4,1,3,9,0.299990115646931,0.75,1.934,1.18133704075502,0,1,0,0,2,0
"200","4831",0,0,0,47,9,4,1,3,9,0.299990115646931,0.75,1.934,1.18133704075502,0,0,1,0,2,0
"201","1885",0,0,0,70,7,0.75,1,5,25,0,0.55,1.934,1.18133704075502,0,0,0,1,2,0
"202","8071",1,0,0,50,9,3,0,1.4,1.96,0,0.22,1.934,1.18133704075502,0,0.306,0.055,0.493,2,0
"203","1885",1,0,0,52,4,0.75,1,3,9,0,0.25,1.934,1.18133704075502,0,0.062,0.113,0.394,2,0
"204","9385",0,0,0,78,4,1.33333333333333,1,3,9,0.066561223144853,0.68,1.934,1.18133704075502,0,0.062,0.353,0.469,2,0
"205","9385",1,0,0,78,4,0.4,1,2,4,0,0.37,1.934,1.18133704075502,0,0,0.125,0.375,1,0
"206","1789",0,0,0,50,9,10,1,2,4,0.5,5.09,1.934,1.18133704075502,0,1,0,0,2,0
"207","8071",0,0,0,55,9,3,0,1.6,2.56,0,0.62,1.934,1.18133704075502,0,0,1,0,2,0
"208","5516",0,0,0,40,15,2,1,7,49,0,9.62,1.934,1.18133704075502,1,0.155,0.38,0.218,2,0
"209","9796",0,0,0,82,4,1,0,1.4,1.96,0,0.32,1.934,1.18133704075502,1,0,1,0,2,0
"210","5516",1,0,0,35,7,0.6,0,8,64,0.0704159888449919,0.67,1.934,1.18133704075502,1,0,0,1,1,0
"211","7063",0,0,0,44,9,7,0,2,4,0.5,1.18,1.934,1.18133704075502,0,0.315,0.207,0,1,0
"212","9796",1,0,0,79,0,2,0,1,1,0,0.14,1.934,1.18133704075502,1,0,0,0.315,3,1
"213","1789",1,0,0,47,9,11,1,7,49,0,0.37,1.934,1.18133704075502,0,0,0,1,2,0
"214","7063",1,0,0,42,9,7,0,2,4,0.299990115646931,0.22,1.934,1.18133704075502,0,0,0,1,1,0
"215","1247",1,0,0,56,0,1,0,3,9,0,0.06,1.948,2.41284001840833,0,0,0,1,2,0
"216","1247",0,0,0,66,16,1,0,0.3,0.09,0,0.15,1.948,2.41284001840833,0,1,0,0,2,0
"217","8639",0,0,0,50,9,2,1,0.7,0.49,0,0.42,1.948,2.41284001840833,0,0,1,0,3,0
"218","8639",1,0,0,53,12,2,0,0.7,0.49,0,0.2,1.948,2.41284001840833,0,0.245,0.06,0.49,3,1
"219","1839",1,0,0,24,7,1.2,1,0.7,0.49,0.332967032967033,0.67,1.967,2.02626675091089,0,0.525,0.098,0.246,4,1
"220","1839",0,0,0,52,9,0.833333333333333,1,0.8,0.64,0.332967032967033,0.6,1.967,2.02626675091089,0,0,0,1,3,0
"221","6321",1,0,0,35,7,2,1,0.7,0.49,0,0.12,1.948,2.41284001840833,0,0,0,1,2,0
"222","6321",0,0,0,54,7,0.5,1,0.7,0.49,0,0.84,1.948,2.41284001840833,0,0.385,0.142,0.331,2,0
"223","5768",1,0,0,55,7,0.615384615384615,1,1.5,2.25,0.066561223144853,0.32,1.967,2.02626675091089,0,0,0,0,5,0
"224","5768",0,0,0,61,15,0.615384615384615,1,2,4,0.066561223144853,1.22,1.967,2.02626675091089,0,0,0,1,5,0
"225","1872",0,0,0,58,9,3,1,1.2,1.44,0,0.2,2.057,1.9987055820886,1,0.385,0.473,0,3,0
"226","1872",1,0,0,53,9,2,0,0.8,0.64,0,0.37,2.057,1.9987055820886,1,0.624,0.043,0.193,3,0
"227","7397",0,0,0,59,9,1.4,1,2.3,5.29,0,0.16,1.967,2.02626675091089,1,0,0.478,0,3,0
"228","7397",1,0,0,54,4,1.4,1,2.4,5.76,0,0.14,1.967,2.02626675091089,1,0.551,0.22,0.058,3,0
"229","3771",1,0,0,60,0,1.5,1,0.2,0.04,0,0.02,1.948,2.41284001840833,0,0,0,1,2,0
"230","3771",0,0,0,65,0,1.5,0,0.2,0.04,0,0.15,1.948,2.41284001840833,0,1,0,0,2,0
"231","1868",1,0,0,56,7,3,0,0.7,0.49,0,0.3,1.996,2.99733933520758,0,0,0,1,2,1
"232","1868",0,0,0,59,7,1.5,0,0.75,0.5625,0,0.47,1.996,2.99733933520758,0,1,0,0,2,1
"233","1129",0,0,0,63,16,1,1,1.7,2.89,0.5,0.42,1.815,2.56633223402973,1,0,1,0,3,1
"234","1129",1,0,0,57,9,1.5,1,1.6,2.56,0.176224264278237,0.17,1.815,2.56633223402973,1,0.214,0.213,0.082,4,0
"235","4813",0,0,0,70,7,0.875,1,10,100,0,4.52,1.82,2.54436256898596,0,0,0,1,3,1
"236","4813",1,0,0,69,0,0.875,1,8,64,0,0.45,1.82,2.54436256898596,0,0,0,0,3,1
"237","4368",0,0,0,48,7,4,1,1.45,2.1025,0,0.12,1.815,2.56633223402973,0,0,1,0,4,1
"238","7622",1,0,0,25,9,3,0,0.3,0.09,0,0.16,1.82,2.54436256898596,0,0,0,1,1,1
"239","7622",0,0,0,29,7,3,1,0.3,0.09,0,0.52,1.82,2.54436256898596,0,1,0,0,1,1
"240","4023",1,0,0,70,0,0.5,1,3.5,12.25,0.066561223144853,0.55,1.82,2.54436256898596,1,0,0,0,3,0
"241","4023",0,0,0,81,0,1.25,1,4.5,20.25,0.066561223144853,0.55,1.82,2.54436256898596,1,0.138,0.395,0.387,3,0
"242","4368",1,0,0,48,15,4.5,1,2.4,5.76,0,0.58,1.815,2.56633223402973,0,0.002,0,0.309,4,1
"243","4353",0,0,0,35,9,1.33333333333333,1,0.95,0.9025,0.142655367231638,1.05,1.394,2.03838618758517,0,0,0,1,3,0
"244","4353",1,0,0,28,7,2,1,0.8,0.64,0,0.27,1.394,2.03838618758517,0,0,0,1,1,0
"245","5584",0,0,0,47,9,2.66666666666667,1,2.2,4.84,0.5,0.41,1.394,2.03838618758517,1,0,1,0,1,0
"246","5695",1,0,0,50,7,2,0,0.5,0.25,0,0.17,1.394,2.03838618758517,0,0,0,1,2,0
"247","5695",0,0,0,55,7,2,0,0.5,0.25,0,0.2,1.394,2.03838618758517,0,1,0,0,2,0
"248","9283",1,0,0,61,7,3.4,1,2,4,0.377722464219042,1.09,1.394,2.03838618758517,0,0.145,0.119,0.507,2,0
"249","7649",0,0,0,49,4,3,1,2,4,0,1.22,1.4,2.0651924668869,1,0,0,1,3,0
"250","9283",0,0,0,66,9,2.66666666666667,1,2.2,4.84,0.562867588618662,0.97,1.394,2.03838618758517,0,0,1,0,2,0
"251","7649",1,0,0,45,9,1.66666666666667,1,1.3,1.69,0,0.57,1.4,2.0651924668869,1,0,0,1,1,0
"252","6849",0,0,0,89,0,1,0,0.7,0.49,0,0.52,1.397,2.03269363877001,0,1,0,0,2,0
"253","6849",1,0,0,80,0,1,1,0.7,0.49,0,0.57,1.397,2.03269363877001,0,0,0,1,2,0
"254","5584",1,0,0,32,7,2.66666666666667,1,2.2,4.84,0.299990115646931,0.27,1.394,2.03838618758517,1,0.433,0.111,0.052,2,0
"255","8732",0,0,0,40,9,5,1,4,16,0,5.19,1.418,2.04226623780382,0,0,0,1,2,0
"256","8732",1,0,0,30,7,5,1,3,9,0,0.17,1.418,2.04226623780382,0,0,0,0.333,2,0
"257","4161",1,0,0,54,9,1.5,1,0.95,0.9025,0.299990115646931,0.79,1.418,2.04226623780382,1,0.095,0.074,0.4,2,0
"258","4161",0,0,0,59,9,1.5,0,1.1,1.21,0.299990115646931,0.58,1.418,2.04226623780382,1,0.125,0.375,0.125,2,0
"259","9386",1,0,0,27,9,5,1,2,4,0.142655367231638,0.45,1.418,2.04226623780382,0,0,0,1,3,0
"260","9386",0,0,0,35,7,5,1,1.2,1.44,0.142655367231638,0.87,1.418,2.04226623780382,0,0.333,0,0,2,1
"261","7444",0,0,0,52,9,7,0,1.5,2.25,0,0.82,1.418,2.04226623780382,1,1,0,0,2,0
"262","7444",1,0,0,40,9,7,1,2,4,0,0.52,1.418,2.04226623780382,1,0,0,1,2,0
"263","2828",0,0,0,41,7,9,1,4,16,0.176224264278237,0.63,1.418,2.04226623780382,0,0.211,0.065,0.089,3,0
"264","2828",1,0,0,38,7,9,1,3,9,0.176224264278237,0.57,1.418,2.04226623780382,0,0,0,0,3,0
"265","9526",0,0,0,44,9,8,1,0.75,0.5625,0,8.72,1.418,2.04226623780382,1,0,0,0,1,0
"266","9526",1,0,0,41,9,8,0,0.9,0.81,0,0.72,1.418,2.04226623780382,1,0,0,1,1,0
"267","9747",1,0,0,48,4,2,1,0.95,0.9025,0.299990115646931,0.18,1.418,2.04226623780382,1,0.139,0.19,0.506,2,0
"268","4743",1,0,0,46,7,3,1,0.7,0.49,0.5,0.22,1.489,0.329634207942671,0,0,0,1,1,0
"269","3960",1,0,0,34,7,3,1,1.2,1.44,0,0.27,1.647,0.47493759474425,0,0.427,0.156,0.083,2,0
"270","4743",0,0,0,49,9,3,1,0.6,0.36,0.5,0.47,1.489,0.329634207942671,0,1,0,0,1,0
"271","1033",0,0,0,61,9,1,1,6,36,0,1.44,1.489,0.329634207942671,1,0,0,1,3,0
"272","1033",1,0,0,59,9,1,1,4.5,20.25,0,1.47,1.489,0.329634207942671,1,0.215,0.055,0.478,3,0
"273","2140",0,0,0,38,9,6,1,4,16,0,0.88,1.647,0.47493759474425,0,0.022,0.257,0.038,2,0
"274","9298",1,0,0,35,7,7,1,1.5,2.25,0.5,1.21,1.489,0.329634207942671,0,0,0,1,5,0
"275","9298",0,0,0,40,15,7,1,2,4,0.332967032967033,5.62,1.489,0.329634207942671,0,0.207,0,0.479,4,0
"276","1821",0,0,0,46,9,5,1,0.5,0.25,0.823775735721763,1.42,1.489,0.329634207942671,0,1,0,0,2,0
"277","1821",1,0,0,40,7,5,1,0.7,0.49,0.700009884353069,0.82,1.489,0.329634207942671,0,0,0,1,2,0
"278","3960",0,0,0,50,9,3,1,1.2,1.44,0,1.46,1.647,0.47493759474425,0,0,1,0,2,0
"279","2140",1,0,0,35,16,9,1,4,16,0,0.92,1.647,0.47493759474425,0,0.251,0.036,0.502,3,1
"280","4460",0,0,0,49,15,1.25,1,4,16,0,6.72,1.629,2.19054558970534,1,0,0.29,0.126,3,0
"281","4460",1,0,0,35,9,1.25,1,2,4,0,0.92,1.629,2.19054558970534,1,0,0,1,1,0
"282","1506",1,0,0,36,15,8,1,2,4,0,0.52,1.629,2.19054558970534,1,0.198,0.031,0.434,2,0
"283","4054",1,0,0,40,7,0.857142857142857,1,1,1,0.142655367231638,0.54,1.629,2.19054558970534,0,0,0,1,1,0
"284","8455",1,0,0,62,4,4,1,0.9,0.81,0.299990115646931,0.77,1.629,2.19054558970534,1,0.288,0.186,0.256,2,0
"285","1506",0,0,0,49,16,8,1,2.5,6.25,0,1.42,1.629,2.19054558970534,1,0.257,0.061,0.485,3,0
"286","4054",0,0,0,50,9,3.33333333333333,1,2.1,4.41,0.332967032967033,5.42,1.629,2.19054558970534,0,0,0,1,3,0
"287","8455",0,0,0,78,7,4,1,0.98,0.9604,0.176224264278237,0.31,1.629,2.19054558970534,1,0.082,0.024,0.15,2,0
"288","7341",0,0,0,62,7,0.5,0,1.5,2.25,0.176224264278237,0.44,2.055,4.07525424071103,1,0,1,0,2,0
"289","1537",0,0,0,85,7,1,0,0.4,0.16,0,0.15,2.055,4.07525424071103,1,0,1,0,2,0
"290","3981",0,0,0,51,15,3,1,10,100,0.0571374693569678,2.62,2.055,4.07525424071103,0,0.263,0.312,0.273,2,0
"291","3981",1,0,0,45,9,3,1,7,49,0,2.27,2.055,4.07525424071103,0,0.274,0.31,0.101,2,0
"292","9035",0,0,0,50,7,7,0,1.8,3.24,0,0.7,2.055,4.07525424071103,1,1,0,0,2,0
"293","9035",1,0,0,44,7,7,0,1.8,3.24,0,0.92,2.055,4.07525424071103,1,0,0,1,2,0
"294","1418",0,0,0,45,9,3.25,1,2,4,0,0.97,2.055,4.07525424071103,1,0,0,1,2,0
"295","1418",1,0,0,42,7,3.25,1,1.5,2.25,0,0.57,2.055,4.07525424071103,1,0.211,0.035,0.412,2,0
"296","7341",1,0,0,55,4,0.5,1,0.9,0.81,0.332967032967033,0.06,2.055,4.07525424071103,1,0.258,0.265,0.226,2,0
"297","8626",0,0,0,51,9,2,0,0.3,0.09,0,0.67,1.981,2.1156950481765,0,1,0,0,2,0
"298","8626",1,0,0,48,0,2,1,0.3,0.09,0,0.7,1.981,2.1156950481765,0,0,0,1,2,0
"299","1906",0,0,0,47,7,1,1,0.6,0.36,0.700009884353069,1.22,2.055,4.07525424071103,1,0,1,0,2,0
"300","1906",1,0,0,43,9,1.4,1,0.6,0.36,0.700009884353069,0.44,2.055,4.07525424071103,1,0,0,1,2,0
"301","3962",1,0,0,68,15,0.5,1,1,1,0,0.4,2.055,4.07525424071103,1,0,0,1,1,0
"302","1537",1,0,0,82,0,1,1,0.46,0.2116,0,0.04,2.055,4.07525424071103,1,0.224,0.272,0.098,2,0
"303","3962",0,0,0,87,16,0.5,1,1.3,1.69,0,1.25,2.055,4.07525424071103,1,1,0,0,1,0
"304","7309",0,0,0,30,15,5,1,4.5,20.25,0.332967032967033,5.82,2.055,4.07525424071103,0,0,0.159,0.434,2,0
"305","7309",1,0,0,25,9,5,1,4,16,0.5,1.39,2.055,4.07525424071103,0,0.628,0.099,0.216,2,0
"306","5514",0,0,0,52,9,3.66666666666667,0,0.8,0.64,0.602780536246276,1.47,1.981,2.1156950481765,0,0,1,0,2,0
"307","4288",0,0,0,51,9,0.5,1,1.5,2.25,0.332967032967033,4.82,1.981,2.1156950481765,1,0.12,0.34,0.479,3,0
"308","3473",0,0,0,50,9,3,1,0.3,0.09,0.857344632768362,1,1.981,2.1156950481765,0,0,1,0,2,0
"309","4288",1,0,0,59,7,0.5,1,1,1,0.142655367231638,0.77,1.981,2.1156950481765,1,0.333,0,0,1,0
"310","7405",0,0,0,62,9,3,1,1,1,0,0.77,1.981,2.1156950481765,0,0.315,0.479,0,2,0
"311","7405",1,0,0,56,0,1.5,1,0.885,0.783225,0,0.32,1.981,2.1156950481765,0,0,0,1,2,0
"312","9702",0,0,0,60,16,0.6,1,4.7,22.09,0.066561223144853,5.27,1.981,2.1156950481765,0,0,0,1,3,0
"313","1966",1,0,0,56,7,1,0,0.48,0.2304,0,0.03,1.981,2.1156950481765,0,0.218,0.319,0.098,2,0
"314","2591",1,0,0,68,0,1,0,0.7,0.49,0,0.2,1.981,2.1156950481765,1,0,0,1,2,0
"315","9702",1,0,0,55,4,0.75,1,4,16,0.066561223144853,0.87,1.981,2.1156950481765,0,0,0,0,3,0
"316","2591",0,0,0,80,7,0.5,0,0.5,0.25,0,0.7,1.981,2.1156950481765,1,0,0,0,2,0
"317","1966",0,0,0,58,7,2,1,1.2,1.44,0,0.44,1.981,2.1156950481765,0,0.333,0.333,0,2,0
"318","3473",1,0,0,42,0,3,1,0.3,0.09,0.75,0.16,1.981,2.1156950481765,0,0.182,0.098,0.077,2,0
"319","5333",1,0,0,25,15,4,1,0.9,0.81,0,1.02,1.981,2.1156950481765,1,0.259,0.392,0.057,1,0
"320","5333",0,0,0,27,15,4,1,1.2,1.44,0,4.97,1.981,2.1156950481765,1,0,0,1,2,0
"321","4641",0,0,0,39,9,4,0,0.3,0.09,0,0.64,1.981,2.1156950481765,0,1,0,0,2,0
"322","5514",1,0,0,45,7,3.66666666666667,1,0.8,0.64,0.431009957325747,0.44,1.981,2.1156950481765,0,0.373,0.219,0.134,3,1
"323","9963",1,0,0,35,9,7,0,0.3,0.09,0,0.36,1.885,1.01759763243102,0,0,0,1,2,0
"324","9747",0,0,0,52,7,5,1,1.2,1.44,0.299990115646931,0.45,1.418,2.04226623780382,1,0,1,0,2,0
"325","4641",1,0,0,29,9,4,0,0.5,0.25,0,0.26,1.981,2.1156950481765,0,0,0,1,2,0
"326","1658",0,0,0,33,9,7,0,0.7,0.49,0.176224264278237,0.12,2.058,3.93435914521133,1,0,0,0,2,0
"327","1658",1,0,0,29,7,7,0,0.7,0.49,0.176224264278237,4.14,2.058,3.93435914521133,1,0.345,0.241,0.115,2,0
"328","5476",0,0,0,61,15,1,1,0.86,0.7396,0,4.82,2.058,3.93435914521133,1,0,0,1,2,0
"329","5476",1,0,0,58,7,0.666666666666667,1,1.5,2.25,0,0.38,2.058,3.93435914521133,1,0,0,1,2,0
"330","6524",1,0,0,69,7,2,1,0.3,0.09,0,0.33,2.058,3.93435914521133,1,0.001,0,0.315,2,0
"331","3407",0,0,0,37,12,2,1,1.1,1.21,0.142655367231638,1.37,2.058,3.93435914521133,1,0,0,1,2,0
"332","2477",0,0,0,52,7,3,1,0.4,0.16,0,0.6,2.058,3.93435914521133,0,1,0,0,1,0
"333","6524",0,0,0,84,7,2,1,0.3,0.09,0,1.52,2.058,3.93435914521133,1,0,1,0,2,0
"334","2477",1,0,0,49,9,3,1,0.6,0.36,0,0.37,2.058,3.93435914521133,0,0,0,1,1,0
"335","2053",0,0,0,56,7,4,0,0.6,0.36,0.332967032967033,0.2,2.058,3.93435914521133,1,0.22,0.399,0,2,0
"336","3407",1,0,0,39,9,2,1,0.7,0.49,0.142655367231638,0.57,2.058,3.93435914521133,1,0,0,1,1,0
"337","8718",0,0,0,49,16,1.33333333333333,1,6.5,42.25,0.030140256639809,1.32,2.058,3.93435914521133,1,0.251,0.199,0.467,3,0
"338","7742",0,0,0,42,7,7,0,0.3,0.09,0.75,1.12,2.058,3.93435914521133,0,0,0,0,2,0
"339","2053",1,0,0,50,7,4,0,0.58,0.3364,0.5,0.35,2.058,3.93435914521133,1,0.345,0.059,0.057,2,0
"340","7742",1,0,0,39,7,7,1,0.8,0.64,0.5,0.35,2.058,3.93435914521133,0,0,0,1,2,0
"341","9117",0,0,0,50,9,6,0,0.4,0.16,0,0.77,2.058,3.93435914521133,0,0.667,0,0,1,0
"342","9117",1,0,0,45,7,6,0,0.5,0.25,0,1.25,2.058,3.93435914521133,0,0,0,1,1,0
"343","8718",1,0,0,46,9,1.33333333333333,1,0.75,0.5625,0.142655367231638,0.52,2.058,3.93435914521133,1,0,0,1,1,0
"344","2626",1,0,0,58,4,2.33333333333333,1,0.65,0.4225,0.142655367231638,0.45,2.019,3.27307516750747,1,0,0,1,2,0
"345","2626",0,0,0,65,7,2.33333333333333,1,0.8,0.64,0.332967032967033,5.16,2.019,3.27307516750747,1,0,0,1,3,0
"346","1984",0,0,0,40,9,1.25,1,1.3,1.69,0,5.87,2.019,3.27307516750747,1,0,0,1,3,0
"347","1984",1,0,0,35,7,1.25,1,1.5,2.25,0,5.52,2.019,3.27307516750747,1,0,0,1,3,0
"348","9402",1,0,0,45,9,5.5,1,0.8,0.64,0,0.27,2.019,3.27307516750747,1,0,0,1,2,0
"349","9402",0,0,0,50,9,2.66666666666667,1,0.8,0.64,0.176224264278237,0.52,2.019,3.27307516750747,1,0,1,0,2,0
"350","4230",0,0,0,35,9,5,0,0.35,0.1225,0,0.44,1.917,3.62139173833235,1,1,0,0,1,0
"351","4230",1,0,0,28,7,2,0,0.4,0.16,0,0.25,1.917,3.62139173833235,1,0,0,1,1,0
"352","3873",1,0,0,60,7,0.6,1,1.8,3.24,0,0.79,2.019,3.27307516750747,0,0.401,0.145,0.137,2,0
"353","1246",0,0,0,45,9,8,1,0.5,0.25,0,3.68,2.019,3.27307516750747,0,1,0,0,1,0
"354","1246",1,0,0,40,9,3.5,1,0.6,0.36,0,3.23,2.019,3.27307516750747,0,0,0,1,1,0
"355","9758",0,0,0,48,9,4,1,1.3,1.69,0,0.97,1.917,3.62139173833235,1,0.125,0.375,0.375,2,0
"356","8375",1,0,0,40,9,1.8,1,5,25,0,4.95,2.019,3.27307516750747,1,0,0,1,3,0
"357","8375",0,0,0,47,16,1.8,1,1.6,2.56,0,5.32,2.019,3.27307516750747,1,0,1,0,3,0
"358","1607",0,0,0,47,4,6,1,1,1,0,1.56,2.019,3.27307516750747,0,1,0,0,1,0
"359","1607",1,0,0,42,7,6,0,0.6,0.36,0,0.46,2.019,3.27307516750747,0,0,0,1,1,0
"360","9758",1,0,0,36,12,2,1,1.3,1.69,0.31794333683106,0.27,1.917,3.62139173833235,1,0.522,0.12,0.112,2,1
"361","6257",0,0,0,56,7,9,1,0.7,0.49,0.332967032967033,0.43,1.829,0.465888281697911,1,0,1,0,4,1
"362","2081",0,0,0,52,15,3.5,1,3.4,11.56,0.176224264278237,4.77,1.829,0.465888281697911,1,0,1,0,6,0
"363","6257",1,0,0,52,7,8,0,0.7,0.49,0.332967032967033,0.12,1.829,0.465888281697911,1,0.17,0.146,0.482,4,1
"364","2081",1,0,0,49,9,3.5,1,3.4,11.56,0.066561223144853,0.32,1.829,0.465888281697911,1,0.084,0.126,0.443,6,0
"365","7269",0,0,0,64,7,3,0,0.3,0.09,0,0.6,1.829,0.465888281697911,1,1,0,0,4,1
"366","5155",0,0,0,44,9,3,1,0.8,0.64,0,0.13,1.829,0.465888281697911,1,1,0,0,3,0
"367","6687",1,0,0,30,7,1,1,2.5,6.25,0.066561223144853,4.56,1.829,0.465888281697911,1,0,0,1,5,0
"368","8625",1,0,0,40,4,6,1,1.2,1.44,0,0.17,1.829,0.465888281697911,0,0.525,0.033,0.205,4,1
"369","6687",0,0,0,35,12,1,1,3,9,0,5.15,1.829,0.465888281697911,1,0,0,1,6,0
"370","7269",1,0,0,62,0,1,1,0.7,0.49,0,0.92,1.829,0.465888281697911,1,0,0,1,4,1
"371","8625",0,0,0,43,7,5,1,1.2,1.44,0,0.82,1.829,0.465888281697911,0,0.412,0.393,0.135,3,0
"372","3088",1,0,0,70,0,2,1,1,1,0,0.3,1.829,0.465888281697911,1,0,0,1,2,0
"373","3088",0,0,0,75,0,1,0,0.6,0.36,0,0.72,1.829,0.465888281697911,1,1,0,0,2,0
"374","8722",0,0,0,55,4,0.666666666666667,1,1.4,1.96,0.176224264278237,6.01,1.829,0.465888281697911,0,0,1,0,3,0
"375","8722",1,0,0,57,4,1.66666666666667,1,2,4,0.066561223144853,1.86,1.829,0.465888281697911,0,0,1,0,3,1
"376","2271",1,0,0,49,16,2,1,0.8,0.64,0.75,0.52,1.829,0.465888281697911,1,0,0,1,1,0
"377","2271",0,0,0,63,16,2,1,0.5,0.25,0,4.67,1.829,0.465888281697911,1,0,0,0,1,0
"378","5155",1,0,0,42,7,2.33333333333333,0,0.8,0.64,0,0.12,1.829,0.465888281697911,1,0.232,0.155,0.006,3,0
"379","9179",0,0,0,57,4,5,0,0.5,0.25,0,5.32,1.591,0.136070989112243,0,1,0,0,2,0
"380","9179",1,0,0,50,4,5,0,0.6,0.36,0,0.22,1.591,0.136070989112243,0,0,0,1,2,0
"381","5437",1,0,0,38,4,3,1,0.3,0.09,0.667032967032967,0.12,1.591,0.136070989112243,0,0.147,0.03,0.193,3,0
"382","5801",1,0,0,46,9,2.33333333333333,1,1,1,0.332967032967033,13.19,1.591,0.136070989112243,1,0,1,0,3,0
"383","5801",0,0,0,51,16,2.33333333333333,1,1.2,1.44,0.142655367231638,13.19,1.591,0.136070989112243,1,0,0,1,3,0
"384","5437",0,0,0,42,9,4,1,0.35,0.1225,0.667032967032967,0.12,1.591,0.136070989112243,0,1,0,0,3,0
"385","3055",1,0,0,66,0,2,0,0.4,0.16,0.142655367231638,0.3,1.591,0.136070989112243,1,0,0,1,1,0
"386","9930",1,0,0,35,7,6,0,0.48,0.2304,0.75,0.18,1.591,0.136070989112243,0,0.567,0.053,0.062,3,0
"387","9867",1,0,0,58,12,0.5,1,3,9,0,1.24,1.591,0.136070989112243,1,0,0,1,3,0
"388","9867",0,0,0,69,7,0.5,1,3,9,0,0.84,1.591,0.136070989112243,1,0,1,0,3,0
"389","3055",0,0,0,70,0,2,0,0.6,0.36,0,0.8,1.591,0.136070989112243,1,0,0,0,1,0
"390","9930",0,0,0,45,9,6,1,0.48,0.2304,0.857344632768362,0.2,1.591,0.136070989112243,0,0.412,0.393,0.135,3,0
"391","4384",1,0,0,25,15,1.33333333333333,1,0.7,0.49,0.332967032967033,1.3,1.591,0.136070989112243,1,0,1,0,3,0
"392","4384",0,0,0,30,15,1.33333333333333,1,0.6,0.36,0.332967032967033,1.31,1.591,0.136070989112243,1,0,1,0,3,0
"393","5631",0,0,0,10,7,6,1,1.6,2.56,0,0.47,1.591,0.136070989112243,1,0,1,0,3,0
"394","6418",0,0,0,47,9,6,0,0.45,0.2025,0.25,5.62,1.591,0.136070989112243,0,0.415,0.072,0.095,3,1
"395","6418",1,0,0,40,9,6,1,0.8,0.64,0.5,0.82,1.591,0.136070989112243,0,0,0,1,3,1
"396","5631",1,0,0,28,7,5,0,1.6,2.56,0,0,1.591,0.136070989112243,1,0.252,0.168,0.221,3,0
"397","5878",0,0,0,49,16,5,1,2,4,0,2.04,1.829,0.465888281697911,0,0,0,0,2,1
"398","9554",0,1,0,65,7,1.2,1,4,16,0,6.34,1.829,0.465888281697911,0,0.112,0.61,0.21,2,1
"399","5515",1,1,1,67,9,0.5,1,2.2,4.84,0,2.25,1.829,0.465888281697911,0,0,1,0,3,1
"400","7196",1,0,0,60,0,1.66666666666667,1,1,1,0,0.24,1.591,0.136070989112243,0,0,0,1,1,0
"401","7196",0,0,0,62,4,1.66666666666667,1,0.9,0.81,0,5.41,1.591,0.136070989112243,0,0,0,0,1,0
"402","2382",0,0,0,55,15,2.66666666666667,1,1.5,2.25,0,1.71,2.016,2.61773723560502,1,0,0,1,2,0
"403","2382",1,0,0,50,15,2.66666666666667,1,0.5,0.25,0,1.37,2.016,2.61773723560502,1,0.61,0.156,0.131,2,0
"404","2230",0,0,0,47,7,4,1,0.4,0.16,0,0.8,1.591,0.136070989112243,0,0,0,0,2,0
"405","2230",1,0,0,40,4,4,0,0.5,0.25,0,0.86,1.591,0.136070989112243,0,0,0,1,2,0
"406","4866",0,0,0,39,15,1.66666666666667,1,1.8,3.24,0.066561223144853,0.75,2.016,2.61773723560502,0,0.157,0.071,0.364,2,0
"407","4866",1,0,0,38,15,1.66666666666667,1,1.2,1.44,0.332967032967033,0.63,2.016,2.61773723560502,0,0,0.5,0,2,0
"408","3327",0,1,0,65,15,4,1,0.16,0.0256,0.142655367231638,1.26,2.016,2.61773723560502,0,0.163,0.273,0.465,1,0
"409","1131",0,0,0,54,9,6,1,2.5,6.25,0.176224264278237,9.67,1.591,0.136070989112243,0,0.333,0,0.333,2,0
"410","1131",1,0,0,49,9,6,1,2,4,0.176224264278237,1.72,1.591,0.136070989112243,0,0,0,1,2,0
"411","3873",0,0,0,65,7,0.75,1,1.8,3.24,0,1.32,2.019,3.27307516750747,0,0.14,0.257,0.038,2,0
